{
  "controller/ListSelector-dbg.js": 1612854061156,
  "Component.js": 1612854061152,
  "model/models.js": 1612854061160,
  "model/formatter.js": 1612854061156,
  "controller/NotFound.controller.js": 1612854061156,
  "controller/Master.controller.js": 1612854061156,
  "controller/ListSelector.js": 1612854061156,
  "controller/ErrorHandler.js": 1612854061156,
  "controller/DetailObjectNotFound.js": 1612854061156,
  "controller/DetailObjectNotFound.controller.js": 1612854061156,
  "controller/Detail.controller.js": 1612854061156,
  "controller/BaseController.js": 1612854061152,
  "controller/App.controller.js": 1612854061152,
  "manifest.json": 1612857044639,
  "manifest-bundle.zip": 1612857044091,
  "Component-preload.js": 1612857044556,
  "controller/ErrorHandler-dbg.js": 1612854061156,
  "model/formatter-dbg.js": 1612854061156,
  "controller/NotFound-dbg.controller.js": 1612854061156,
  "controller/Master-dbg.controller.js": 1612854061156,
  "i18n/i18n.properties": 1612854061156,
  "model/models-dbg.js": 1612854061160,
  "controller/DetailObjectNotFound-dbg.js": 1612854061156,
  "controller/DetailObjectNotFound-dbg.controller.js": 1612854061156,
  "controller/Detail-dbg.controller.js": 1612854061156,
  "controller/BaseController-dbg.js": 1612854061152,
  "controller/App-dbg.controller.js": 1612854061152,
  "Component-dbg.js": 1612854061152,
  "resources.json": 1612857044642,
  "view/ViewSettingsDialog.fragment.xml": 1612854061168,
  "view/NotFound.view.xml": 1612854061164,
  "view/Master.view.xml": 1612854061164,
  "view/DetailObjectNotFound.view.xml": 1612854061164,
  "view/Detail.view.xml": 1612854061164,
  "view/App.view.xml": 1612854061164,
  "test.html": 1612854061160,
  "index.html": 1612854061156
}